[
  {
    "id": 1,
    "title": "ЦАО"
  },
  {
    "id": 2,
    "title": "САО"
  },
  {
    "id": 3,
    "title": "СВАО"
  },
  {
    "id": 4,
    "title": "ВАО"
  },
  {
    "id": 5,
    "title": "ЮВАО"
  },
  {
    "id": 6,
    "title": "ЮАО"
  },
  {
    "id": 7,
    "title": "ЮЗАО"
  },
  {
    "id": 8,
    "title": "ЗАО"
  },
  {
    "id": 9,
    "title": "СЗАО"
  },
  {
    "id": 10,
    "title": "ЗелАО"
  },
  {
    "id": 11,
    "title": "ТинАО"
  },
  {
    "id": 12,
    "title": "Другое"
  }
]
