[
  {
    "id": "106",
    "title": "106 ПСЧ",
    "okrug": "6"
  },
  {
    "id": "123",
    "title": "123 ПСЧ",
    "okrug": "7"
  },
  {
    "id": "20",
    "title": "20 ПСЧ",
    "okrug": "6"
  },
  {
    "id": "24",
    "title": "24 ПСЧ",
    "okrug": "6"
  },
  {
    "id": "32",
    "title": "32 ПСЧ",
    "okrug": "6"
  },
  {
    "id": "37",
    "title": "37 ПСЧ",
    "okrug": "6"
  },
  {
    "id": "38",
    "title": "38 ПСЧ",
    "okrug": "7"
  },
  {
    "id": "43",
    "title": "43 ПСЧ",
    "okrug": "6"
  },
  {
    "id": "52",
    "title": "52 ПСЧ",
    "okrug": "7"
  },
  {
    "id": "56",
    "title": "56 ПСЧ",
    "okrug": "7"
  },
  {
    "id": "6",
    "title": "6 ПСЧ",
    "okrug": "6"
  },
  {
    "id": "7",
    "title": "7 ПСЧ",
    "okrug": "6"
  },
  {
    "id": "83",
    "title": "83 ПСЧ",
    "okrug": "6"
  },
  {
    "id": "1",
    "title": "Отдельный пост",
    "okrug": "6"
  }
]
