[
  {
    "id": 10002482,
    "title": "ИС Алтуфьевский"
  },
  {
    "id": 10002144,
    "title": "ИС Южное Бутово"
  },
  {
    "id": 10002147,
    "title": "ИС Гагаринский"
  },
  {
    "id": 10002141,
    "title": "ИС Северное Бутово"
  },
  {
    "id": 102267020,
    "title": "Жилищник Щукино"
  },
  {
    "id": 10231482,
    "title": "Жилищник Бирюлево Восточное"
  },
  {
    "id": 10002074,
    "title": "ИС Зябликово"
  },
  {
    "id": 10002085,
    "title": "ИС Орехово-Борисово Северное"
  },
  {
    "id": 10002148,
    "title": "ИС Черемушки"
  },
  {
    "id": 10231502,
    "title": "Жилищник Южное Тушино"
  },
  {
    "id": 10002155,
    "title": "ИС Лефортово"
  },
  {
    "id": 10231510,
    "title": "Жилищник Куркино"
  },
  {
    "id": 10002160,
    "title": "ИС Нижегородский"
  },
  {
    "id": 10002093,
    "title": "ИС Можайский"
  },
  {
    "id": 10002119,
    "title": "ИС Соколиная Гора"
  },
  {
    "id": 10002083,
    "title": "ИС Чертаново Центральное"
  },
  {
    "id": 10002150,
    "title": "ИС Коньково"
  },
  {
    "id": 10002159,
    "title": "ИС Капотня"
  },
  {
    "id": 10002193,
    "title": "ИС Отрадное"
  },
  {
    "id": 10002086,
    "title": "ИС Очаково-Матвеевское"
  },
  {
    "id": 10231448,
    "title": "Жилищник Марфино"
  },
  {
    "id": 10002073,
    "title": "ИС Царицыно"
  },
  {
    "id": 9000020,
    "title": "АвД СВАО"
  },
  {
    "id": 102266340,
    "title": "Жилищник Тверской"
  },
  {
    "id": 9000022,
    "title": "АвД ЦАО"
  },
  {
    "id": 10002175,
    "title": "ИС Южное Тушино"
  },
  {
    "id": 10002174,
    "title": "ИС Северное Тушино"
  },
  {
    "id": 10231508,
    "title": "Жилищник Митино"
  },
  {
    "id": 9000005,
    "title": "ДЗ САО"
  },
  {
    "id": 102266860,
    "title": "Жилищник Ясенево"
  },
  {
    "id": 10002084,
    "title": "ИС Орехово-Борисово Южное"
  },
  {
    "id": 10228552,
    "title": "Жилищник Савелки"
  },
  {
    "id": 102266680,
    "title": "Жилищник Жулебино Выхино-Жулебино"
  },
  {
    "id": 10231446,
    "title": "Жилищник Ярославский"
  },
  {
    "id": 10231444,
    "title": "Жилищник Лосиноостровский"
  },
  {
    "id": 10231459,
    "title": "Жилищник Новогиреево"
  },
  {
    "id": 10002077,
    "title": "ИС Бирюлево Западное"
  },
  {
    "id": 10002116,
    "title": "ИС Восточное Измайлово"
  },
  {
    "id": 10231457,
    "title": "Жилищник Ивановский"
  },
  {
    "id": 10002161,
    "title": "ИС Южнопортовый"
  },
  {
    "id": 10231463,
    "title": "Жилищник Южнопортовый"
  },
  {
    "id": 10002186,
    "title": "ИС Лианозово"
  },
  {
    "id": 10231461,
    "title": "Жилищник Вешняки"
  },
  {
    "id": 10002081,
    "title": "ИС Чертаново Северное"
  },
  {
    "id": 10002184,
    "title": "ИС Ярославский"
  },
  {
    "id": 9000042,
    "title": "Администрация п.Первомайское"
  },
  {
    "id": 10002132,
    "title": "ИС Якиманка"
  },
  {
    "id": 10231418,
    "title": "Жилищник Мещанский"
  },
  {
    "id": 10002124,
    "title": "ИС Сокольники"
  },
  {
    "id": 10231426,
    "title": "Жилищник Таганский"
  },
  {
    "id": 10228540,
    "title": "Жилищник Силино"
  },
  {
    "id": 10002071,
    "title": "ИС Братеево"
  },
  {
    "id": 10231450,
    "title": "Жилищник Измайлово"
  },
  {
    "id": 10002117,
    "title": "ИС Северное Измайлово"
  },
  {
    "id": 10002187,
    "title": "ИС Бутырский"
  },
  {
    "id": 10002140,
    "title": "ИС Таганский"
  },
  {
    "id": 9000040,
    "title": "Администрация поселения Марушкинское"
  },
  {
    "id": 102266300,
    "title": "Жилищник Академический"
  },
  {
    "id": 10002138,
    "title": "ИС Пресненский"
  },
  {
    "id": 10002146,
    "title": "ИС Зюзино"
  },
  {
    "id": 10002097,
    "title": "ИС Проспект Вернадского"
  },
  {
    "id": 102266640,
    "title": "Жилищник Люблино"
  },
  {
    "id": 10228522,
    "title": "Жилищник Строгино"
  },
  {
    "id": 10002115,
    "title": "ИС Перово"
  },
  {
    "id": 10002121,
    "title": "ИС Метрогородок"
  },
  {
    "id": 10002079,
    "title": "ИС Бирюлево Восточное"
  },
  {
    "id": 102266920,
    "title": "Жилищник Внуково"
  },
  {
    "id": 102266900,
    "title": "Жилищник Филевский парк"
  },
  {
    "id": 102266800,
    "title": "Жилищник Москворечье Сабурово"
  },
  {
    "id": 102266760,
    "title": "Жилищник Донской"
  },
  {
    "id": 102266720,
    "title": "Жилищник Текстильщики"
  },
  {
    "id": 102266700,
    "title": "Жилищник Выхино Выхино-Жулебино"
  },
  {
    "id": 102266660,
    "title": "Жилищник Печатники"
  },
  {
    "id": 10227244,
    "title": "Жилищник Басманный"
  },
  {
    "id": 102266620,
    "title": "Жилищник Новокосино"
  },
  {
    "id": 102266600,
    "title": "Жилищник Восточный"
  },
  {
    "id": 102266580,
    "title": "Жилищник Косино-Ухтомский"
  },
  {
    "id": 102266540,
    "title": "Жилищник Свиблово"
  },
  {
    "id": 102266520,
    "title": "Жилищник Ростокино"
  },
  {
    "id": 102266500,
    "title": "Жилищник Марьина Роща"
  },
  {
    "id": 102266420,
    "title": "Жилищник Сокол"
  },
  {
    "id": 102266400,
    "title": "Жилищник Аэропорт"
  },
  {
    "id": 102266360,
    "title": "Жилищник Красносельский"
  },
  {
    "id": 9000029,
    "title": "Администрация городского округа Троицк"
  },
  {
    "id": 10228800,
    "title": "Жилищник Нагорный"
  },
  {
    "id": 9000035,
    "title": "Администрация поселения Мосрентген"
  },
  {
    "id": 10002192,
    "title": "ИС Марфино"
  },
  {
    "id": 10002149,
    "title": "ИС Котловка"
  },
  {
    "id": 10002092,
    "title": "ИС Крылатское"
  },
  {
    "id": 10002088,
    "title": "ИС Ново-Переделкино"
  },
  {
    "id": 9000046,
    "title": "Администрация поселения Михайлово-Ярцевское"
  },
  {
    "id": 9000038,
    "title": "Администрация поселения Киевский"
  },
  {
    "id": 9000044,
    "title": "Администрация поселения Кленовское"
  },
  {
    "id": 9000041,
    "title": "Администрация поселения Новофедоровское"
  },
  {
    "id": 9000019,
    "title": "АвД ВАО"
  },
  {
    "id": 10002120,
    "title": "ИС Преображенское"
  },
  {
    "id": 10002495,
    "title": "Жилищник"
  },
  {
    "id": 10002183,
    "title": "ИС Алексеевский"
  },
  {
    "id": 10231453,
    "title": "Жилищник Восточное Измайлово"
  },
  {
    "id": 10231496,
    "title": "Жилищник Кунцево"
  },
  {
    "id": 10002152,
    "title": "ИС Обручевский"
  },
  {
    "id": 10228760,
    "title": "Жилищник Замоскворечье"
  },
  {
    "id": 10002076,
    "title": "ИС Чертаново Южное"
  },
  {
    "id": 10002096,
    "title": "ИС Кунцево"
  },
  {
    "id": 102266840,
    "title": "Жилищник Ломоносовский"
  },
  {
    "id": 10231478,
    "title": "Жилищник Чертаново Южное"
  },
  {
    "id": 10002156,
    "title": "ИС Кузьминки"
  },
  {
    "id": 10002157,
    "title": "ИС Марьино"
  },
  {
    "id": 10002189,
    "title": "ИС Свиблово"
  },
  {
    "id": 10002181,
    "title": "ИС Южное Медведково"
  },
  {
    "id": 10228991,
    "title": "Жилищник Даниловский"
  },
  {
    "id": 10002191,
    "title": "ИС Бибирево"
  },
  {
    "id": 10002145,
    "title": "ИС Теплый Стан"
  },
  {
    "id": 10002094,
    "title": "ИС Солнцево"
  },
  {
    "id": 10002188,
    "title": "ИС Северный"
  },
  {
    "id": 10228750,
    "title": "Жилищник Богородское"
  },
  {
    "id": 10228749,
    "title": "Жилищник Бабушкинский"
  },
  {
    "id": 10228423,
    "title": "Жилищник Матушкино"
  },
  {
    "id": 10228568,
    "title": "Жилищник Западное Дегунино"
  },
  {
    "id": 10228535,
    "title": "Жилищник Останкинский"
  },
  {
    "id": 9000012,
    "title": "ДЗ ЮАО"
  },
  {
    "id": 102267100,
    "title": "Жилищник Крюково"
  },
  {
    "id": 102267080,
    "title": "Жилищник Старое Крюково"
  },
  {
    "id": 102267040,
    "title": "Жилищник Покровское-Стрешнево"
  },
  {
    "id": 102266960,
    "title": "Жилищник Раменки"
  },
  {
    "id": 102266940,
    "title": "Жилищник Тропарево-Никулино"
  },
  {
    "id": 10002163,
    "title": "ИС Некрасовка"
  },
  {
    "id": 10226722,
    "title": "Жилищник Нагатино-Садовники"
  },
  {
    "id": 10002153,
    "title": "ИС Рязанский"
  },
  {
    "id": 10226005,
    "title": "Жилищник Гольяново"
  },
  {
    "id": 9000024,
    "title": "АвД ЮАО"
  },
  {
    "id": 9000026,
    "title": "АвД САО"
  },
  {
    "id": 9000047,
    "title": "Администрация поселения Роговское"
  },
  {
    "id": 10226559,
    "title": "Жилищник Хорошево-Мневники"
  },
  {
    "id": 10002089,
    "title": "ИС Фили-Давыдково"
  },
  {
    "id": 9000031,
    "title": "Администрация поселения Внуковское"
  },
  {
    "id": 9000048,
    "title": "Администрация поселения Рязановское"
  },
  {
    "id": 9000037,
    "title": "Администрация поселения Филимонковское"
  },
  {
    "id": 9000045,
    "title": "Администрация поселения Краснопахорское"
  },
  {
    "id": 9000032,
    "title": "Администрация поселения Воскресенское"
  },
  {
    "id": 10226763,
    "title": "Жилищник Ховрино"
  },
  {
    "id": 10231438,
    "title": "Жилищник Алексеевский"
  },
  {
    "id": 9000043,
    "title": "Администрация поселения Вороновское"
  },
  {
    "id": 10226963,
    "title": "Жилищник Дорогомилово"
  },
  {
    "id": 9000039,
    "title": "Администрация поселения Кокошкино"
  },
  {
    "id": 9000009,
    "title": "ДЗ ЦАО"
  },
  {
    "id": 9000025,
    "title": "АвД ЮЗАО"
  },
  {
    "id": 9000023,
    "title": "АвД СЗАО"
  },
  {
    "id": 10002230,
    "title": "АвД ЗАО"
  },
  {
    "id": 10002072,
    "title": "ИС Нагорный"
  },
  {
    "id": 10231420,
    "title": "Жилищник Пресненский"
  },
  {
    "id": 9000001,
    "title": "ДЗ ВАО"
  },
  {
    "id": 10002143,
    "title": "ИС Академический"
  },
  {
    "id": 10002158,
    "title": "ИС Выхино"
  },
  {
    "id": 10002091,
    "title": "ИС Дорогомилово"
  },
  {
    "id": 10002100,
    "title": "ИС Беговой"
  },
  {
    "id": 9000018,
    "title": "АвД"
  },
  {
    "id": 9000006,
    "title": "ДЗ СВАО"
  },
  {
    "id": 10002078,
    "title": "ИС Нагатинский Затон"
  },
  {
    "id": 10002112,
    "title": "ИС Хорошевский"
  },
  {
    "id": 10002111,
    "title": "ИС Савеловский"
  },
  {
    "id": 10002108,
    "title": "ИС Войковский"
  },
  {
    "id": 10002114,
    "title": "ИС Тимирязевский"
  },
  {
    "id": 10002103,
    "title": "ИС Бескудниковский"
  },
  {
    "id": 10002113,
    "title": "ИС Левобережный"
  },
  {
    "id": 10002109,
    "title": "ИС Головинский"
  },
  {
    "id": 9000008,
    "title": "ДЗ ЗАО"
  },
  {
    "id": 9000011,
    "title": "ДЗ ЮЗАО"
  },
  {
    "id": 10002102,
    "title": "ИС Восточное Дегунино"
  },
  {
    "id": 10002095,
    "title": "ИС Раменки"
  },
  {
    "id": 10002110,
    "title": "ИС Дмитровский"
  },
  {
    "id": 10171413,
    "title": "ГУП г. Москвы ДЕЗ района «Косино-Ухтомский»"
  },
  {
    "id": 10226011,
    "title": "Жилищник Северное Медведково"
  },
  {
    "id": 10002210,
    "title": "АвД ЮВАО"
  },
  {
    "id": 9000010,
    "title": "ДЗ ЮВАО"
  },
  {
    "id": 10002105,
    "title": "ИС Коптево"
  },
  {
    "id": 10002180,
    "title": "ИС Лосиноостровский"
  },
  {
    "id": 9000021,
    "title": "АвД ЗелАО"
  },
  {
    "id": 10002128,
    "title": "ИС Восточный"
  },
  {
    "id": 10002080,
    "title": "ИС Нагатино-Садовники"
  },
  {
    "id": 14,
    "title": "ГКУ «Кольцевые магистрали»"
  },
  {
    "id": 9000007,
    "title": "ДЗ СЗАО"
  },
  {
    "id": 10002177,
    "title": "ИС Куркино"
  },
  {
    "id": 10002185,
    "title": "ИС Ростокино"
  }
]
