[
  {
    "id": "-1",
    "title": "Неизвестная модель",
    "image": "UNKNOWN.jpg"
  },
  {
    "id": "1",
    "title": "1 ТС Резерв",
    "image": ""
  },
  {
    "id": "10",
    "title": "1 ТС Резерв",
    "image": ""
  },
  {
    "id": "41",
    "title": "АЛ боевая",
    "image": "В245ХТ199.jpg"
  },
  {
    "id": "19",
    "title": "АЛ ремонт",
    "image": "В245ХТ199.jpg"
  },
  {
    "id": "5",
    "title": "АЛ-30/DLK 23-12 n.B. GL",
    "image": "В245ХТ199.jpg"
  },
  {
    "id": "45",
    "title": "АЛ-30/DLK 23-12 n.B. GL",
    "image": "Х616ХМ199.jpg"
  },
  {
    "id": "46",
    "title": "АЛ-30/DLK 23-12 n.B. GL",
    "image": "Х617ХМ199.jpg"
  },
  {
    "id": "13",
    "title": "АЛ-55 /IVECO DLK-55CS",
    "image": "К602КА777.jpg"
  },
  {
    "id": "37",
    "title": "АЛ-55 /IVECO DLK-55CS",
    "image": "у783ав197.jpg"
  },
  {
    "id": "25",
    "title": "АНР-40-800/43253",
    "image": "Р148НМ777.jpg"
  },
  {
    "id": "27",
    "title": "АНР-40-800/43253",
    "image": "Р148НМ777.jpg"
  },
  {
    "id": "21",
    "title": "АПТ (пенная)",
    "image": "К961мм77.jpg"
  },
  {
    "id": "47",
    "title": "АЦ",
    "image": "У762ХВ197.jpg"
  },
  {
    "id": "29",
    "title": "АЦ ремонт",
    "image": "У762ХВ197.jpg"
  },
  {
    "id": "34",
    "title": "АЦ-2,0-40/4/4308",
    "image": "У762ХВ197.jpg"
  },
  {
    "id": "35",
    "title": "АЦ-2,0-40/4/4308",
    "image": "У765ХВ197.jpg"
  },
  {
    "id": "42",
    "title": "АЦ-2,0-40/4/4308",
    "image": "Х578ХО197.jpg"
  },
  {
    "id": "43",
    "title": "АЦ-2,0-40/4/4308",
    "image": "Х582ХО197.jpg"
  },
  {
    "id": "4",
    "title": "АЦ-3,2-40/4/43253",
    "image": "В047ТУ77.JPG"
  },
  {
    "id": "6",
    "title": "АЦ-3,2-40/4/43253",
    "image": "В400ТУ77.jpg"
  },
  {
    "id": "7",
    "title": "АЦ-3,2-40/4/43253",
    "image": "В401ТУ77.JPG"
  },
  {
    "id": "12",
    "title": "АЦ-3,2-40/4/43253",
    "image": "К340КА777.JPG"
  },
  {
    "id": "16",
    "title": "АЦ-3,2-40/4/43253",
    "image": "К874КА777.JPG"
  },
  {
    "id": "17",
    "title": "АЦ-3,2-40/4/43253",
    "image": "К875КА777.jpg"
  },
  {
    "id": "23",
    "title": "АЦ-3,2-40/4/43253",
    "image": "К997ММ77.jpg"
  },
  {
    "id": "26",
    "title": "АЦ-3,2-40/4/43253",
    "image": "О960ЕХ197.JPG"
  },
  {
    "id": "28",
    "title": "АЦ-3,2-40/4/43253",
    "image": "Р470НВ199.JPG"
  },
  {
    "id": "30",
    "title": "АЦ-3,2-40/4/43253",
    "image": "т032еу197.jpg"
  },
  {
    "id": "38",
    "title": "АЦ-3,2-40/4/43253",
    "image": "У816РТ197.JPG"
  },
  {
    "id": "39",
    "title": "АЦ-3,2-40/4/43253",
    "image": "У825РТ197.JPG"
  },
  {
    "id": "15",
    "title": "АЦ-6,0-70/4/МАН",
    "image": "К800УХ77.jpg"
  },
  {
    "id": "33",
    "title": "АЦ-6,0-70/4/МАН",
    "image": "Т921ТТ197.jpg"
  },
  {
    "id": "36",
    "title": "ДЛ-50/Ивеко-Магирус",
    "image": "У782АВ197.jpg"
  },
  {
    "id": "14",
    "title": "ДЛ-52/Ивеко-Магирус",
    "image": "К668ММ77.jpg"
  },
  {
    "id": "11",
    "title": "КАМАЗ",
    "image": "К340КА777.JPG"
  },
  {
    "id": "31",
    "title": "КАМАЗ",
    "image": "К340КА777.JPG"
  },
  {
    "id": "22",
    "title": "КАМАЗ ",
    "image": "К340КА777.JPG"
  },
  {
    "id": "40",
    "title": "КАМАЗ    ",
    "image": "К340КА777.JPG"
  },
  {
    "id": "48",
    "title": "Коленчатый подъемник",
    "image": ""
  },
  {
    "id": "2",
    "title": "ТС боевая",
    "image": "м525ме777.jpg"
  },
  {
    "id": "18",
    "title": "ТС боевая",
    "image": "м525ме777.jpg"
  },
  {
    "id": "24",
    "title": "ТС боевая",
    "image": "м525ме777.jpg"
  },
  {
    "id": "20",
    "title": "ТС Резерв",
    "image": "м525ме777.jpg"
  },
  {
    "id": "8",
    "title": "IVECO",
    "image": "У782АВ197.jpg"
  },
  {
    "id": "32",
    "title": "IVECO",
    "image": "У782АВ197.jpg"
  },
  {
    "id": "9",
    "title": "MERCEDES",
    "image": ""
  },
  {
    "id": "44",
    "title": "Mercedes",
    "image": ""
  },
  {
    "id": "3",
    "title": "VW Crafter а717нр77 Штабная",
    "image": "а717нр77.jpg"
  }
]
