[
  {
    "id": 1,
    "title": "Грейдер",
    "icon": "greider"
  },
  {
    "id": 2,
    "title": "Мусоровоз",
    "icon": "musorovoz"
  },
  {
    "id": 3,
    "title": "Подметально-уборочная техника",
    "icon": "podmetalka"
  },
  {
    "id": 4,
    "title": "Поливомоечная техника",
    "icon": "polivalka"
  },
  {
    "id": 5,
    "title": "Прочие",
    "icon": "drugoe"
  },
  {
    "id": 6,
    "title": "Распределитель жидких реагентов",
    "icon": "reagent"
  },
  {
    "id": 7,
    "title": "Распределитель твердых реагентов",
    "icon": "reagent_tverd"
  },
  {
    "id": 8,
    "title": "Самосвал",
    "icon": "samosval"
  },
  {
    "id": 9,
    "title": "Снегопогрузчик",
    "icon": "pogruzchik"
  },
  {
    "id": 10,
    "title": "Трактор",
    "icon": "traktor"
  },
  {
    "id": 11,
    "title": "Тротуаро-уборочная техника",
    "icon": "trotuar"
  },
  {
    "id": 12,
    "title": "Фронтальный погрузчик",
    "icon": "pogruzchik"
  }
]
